{
  "theorem1": {
    "n_trials": 100000,
    "violations": 0,
    "empirical_rate": 0.0,
    "theoretical_bound": 6.000000000000006e-06,
    "bound_is_valid": true,
    "fallback_count": 6983,
    "caught_by_posterior": 22
  },
  "theorem1_params": {
    "recall": 0.97,
    "tau": 0.8,
    "epsilon": 0.01,
    "p_phi": 0.4
  },
  "theorem2": {
    "T": [
      100,
      500,
      1000,
      2000,
      5000,
      10000
    ],
    "empirical_regret": [
      0.0358,
      0.1291,
      0.2852,
      0.527,
      1.3014,
      2.5362
    ],
    "theoretical_bound": [
      32962.1152,
      85621.9361,
      127662.1949,
      189383.5812,
      316978.4533,
      466161.3141
    ],
    "sqrt_T_reference": [
      10.0,
      22.3607,
      31.6228,
      44.7214,
      70.7107,
      100.0
    ],
    "growth_exponent": 0.936,
    "is_sublinear": 0
  },
  "theorem3": {
    "recalls": [
      0.9,
      0.93,
      0.95,
      0.97,
      0.99
    ],
    "k_values": [
      1,
      3,
      5,
      7,
      9,
      11
    ],
    "bounds": {
      "0.9": [
        0.0009999999999999998,
        0.00027999999999999987,
        8.559999999999995e-05,
        2.7279999999999983e-05,
        8.909199999999991e-06,
        2.9570607999999963e-06
      ],
      "0.93": [
        0.0006999999999999996,
        0.0001401399999999998,
        3.079934199999994e-05,
        7.072419213999981e-06,
        1.6662398572098949e-06,
        3.9924766315257067e-07
      ],
      "0.95": [
        0.0005000000000000004,
        7.250000000000012e-05,
        1.1581250000000029e-05,
        1.935781250000007e-06,
        3.3222207031250146e-07,
        5.801345058593779e-08
      ],
      "0.97": [
        0.0003000000000000003,
        2.6460000000000048e-05,
        2.5799580000000067e-06,
        2.635939260000009e-07,
        2.7672245063100126e-08,
        2.957089768150372e-09
      ],
      "0.99": [
        0.00010000000000000009,
        2.9800000000000058e-06,
        9.850600000000026e-08,
        3.416698000000012e-09,
        1.2185368570000053e-10,
        4.425434338348023e-12
      ]
    }
  },
  "epsilon_sweep": {
    "epsilons": [
      0.001,
      0.005,
      0.01,
      0.02,
      0.05,
      0.1,
      0.2,
      0.5
    ],
    "costs": [
      11.4607,
      11.2019,
      10.9153,
      10.0019,
      8.0389,
      7.4668,
      7.6075,
      7.5508
    ],
    "violation_rates": [
      0.0,
      0.0,
      0.0,
      0.0,
      0.02,
      0.08,
      0.0,
      0.02
    ],
    "fallback_rates": [
      7.28,
      6.82,
      6.0,
      6.38,
      7.58,
      7.1,
      7.08,
      6.86
    ],
    "theoretical_bounds": [
      1e-06,
      3e-06,
      6e-06,
      1.2e-05,
      3e-05,
      6e-05,
      0.00012,
      0.0003
    ]
  }
}